INSERT INTO lector (id, name, degree, salary) VALUES (1, 'Dewey Hermiston', 'ASSISTANT', 3000);
INSERT INTO lector (id, name, degree, salary) VALUES (2, 'Tina Larson', 'PROFESSOR', 7000);
INSERT INTO lector (id, name, degree, salary) VALUES (3, 'Mike Johnson', 'ASSOCIATE_PROFESSOR', 5000);
INSERT INTO lector (id, name, degree, salary) VALUES (4, 'Emily Davis', 'PROFESSOR', 7500);
INSERT INTO lector (id, name, degree, salary) VALUES (6, 'Sarah Lee', 'ASSISTANT', 3200); 
INSERT INTO lector (id, name, degree, salary) VALUES (7, 'Tomas Greenfelder', 'PROFESSOR', 8000); 
INSERT INTO lector (id, name, degree, salary) VALUES (8, 'Loren Borer', 'ASSOCIATE_PROFESSOR', 4550); 
INSERT INTO lector (id, name, degree, salary) VALUES (9, 'Mattie Wiza', 'ASSISTANT', 2800);

INSERT INTO department (id, name, head_of_the_department_id) VALUES (1, 'Computer Science', 2);
INSERT INTO department (id, name, head_of_the_department_id) VALUES (2, 'Information Technology Security', 3);
INSERT INTO department (id, name, head_of_the_department_id) VALUES (3, 'Data Protection', 4);
INSERT INTO department (id, name, head_of_the_department_id) VALUES (4, 'Computerised Automation Systems', 1);

INSERT INTO department_lectors (department_id, lector_id) VALUES (1, 1);
INSERT INTO department_lectors (department_id, lector_id) VALUES (1, 2);
INSERT INTO department_lectors (department_id, lector_id) VALUES (1, 6);
INSERT INTO department_lectors (department_id, lector_id) VALUES (2, 3);
INSERT INTO department_lectors (department_id, lector_id) VALUES (2, 5);
INSERT INTO department_lectors (department_id, lector_id) VALUES (3, 7);
INSERT INTO department_lectors (department_id, lector_id) VALUES (3, 4);
INSERT INTO department_lectors (department_id, lector_id) VALUES (3, 8);
INSERT INTO department_lectors (department_id, lector_id) VALUES (4, 9);
